﻿<?xml version="1.0" encoding="utf-8" ?>
<sets>
  <!-- 
	This file is generated by looking at the <script> tags generated in Default.aspx output.
	Here's how you prepare this file:

	Step 1: Find the first script tag with a src attribute
	Step 2: Collect all consecutive script tags 
	Step 3: Copy the "src" attribtue of the script tags and create the mapping here. You just need to update the URL 
			from the script path. 
			You just need to update url map a, d and e from initial set
			
	Step 4: Now skip a lot of inline script tags and then you will find a couple of script tags with src attribute
			huddled together. Collect their path and update the "post" set.
			
			You might have to update all url maps in the "post" set.
	-->
  <set name="msAjax">
    <url name="a">~/WebResource.axd?d=ok5g8oBzUr-xU2uMkpjbrQ2&amp;amp;t=633802380069218315</url>
    <url name="d">~/ScriptResource.axd?d=QMaoIHxswRcfF6OSqmxPJWsj15Hc7iMBl2HHZr3pXAH-btmDf1mQ9KjoIjCLoECJrwLpUUAeirDKXpQGpr91qltAtDoqN_bhL8dZDhb611g1&amp;amp;t=ffffffffec2d9970</url>
    <url name="e">~/ScriptResource.axd?d=QMaoIHxswRcfF6OSqmxPJWsj15Hc7iMBl2HHZr3pXAH-btmDf1mQ9KjoIjCLoECJRdyzNKaM8CcT8VRgSjN0a3YCQ83nsIEUfG4glAbC8IE1&amp;amp;t=ffffffffec2d9970</url>
    <url name="j">~/ScriptResource.axd?d=QMaoIHxswRcfF6OSqmxPJWsj15Hc7iMBl2HHZr3pXAH-btmDf1mQ9KjoIjCLoECJGh23xgPKEhLyXgRoJay7aOHZV0r7OHiUKBZ7j2Lmr_M1&amp;amp;t=ffffffffec2d9970</url>
    <url name="k">~/ScriptResource.axd?d=W4Wa1IzvSn7050XhnLPv1BxvGA0DVBL1v1XRmqmU1ygpuuQlfNJXoPuRZujoQKjs0&amp;amp;t=26f981c1</url>
  </set>
  <set name="postjQuery">
    <url name="b">~/Widgets/FastFlickrWidget.js</url>
    <url name="c">~/Widgets/FastRssWidget.js</url>
    <url name="h">~/Scripts/jquery.micro_template.js</url>
    <url name="i">~/Scripts/tabscroll.js</url>
    <url name="i">~/Scripts/Ensure.js</url>
    <url name="x">~/Scripts/Myframework.js</url>    
  </set>
</sets>
